Activiteittype,Datum,Favoriet,Titel,Afstand,Calorieën,Tijd,Gem. HS,Max. HS,Aeroob TE,Gem. slagen,[],Gemiddeld tempo,Beste tempo,Stijging,Hoogteverlies,Gem. staplengte,Gemiddelde verticale ratio,Gem. verticale oscillatie,Gem. grondcontacttijd,Gem. GCT balans,Gem. slagen,[],Normalized Power® (NP®),L/R-balans,Training Stress Score®,Maximaal gemiddeld vermogen (20 min),Vermogen,Max. vermogen,Totaal slagen,Gemiddelde Swolf,Gem. slagsnelheid,Max diepte,Bodemtijd,Minimale watertemperatuur,Gastype,Oppervlakte-interval,Decompressie,Gewicht,Stroming,Oppervlakteomstandigheden,Watertype
open_water_swimming,2018-08-21 20:06:36,false,"Maasdriel Zwemmen in open water","1,276","227","32:11","--","--","0.0","--","--","2:31","0:41","--","--","0.00","0.0","0.0","--","--","--","--","--","--","0.0","--","--","--","927","56","29","--","0:00","0.0","--","0:00","Nee","--","--","--","--"
cycling,2018-08-21 17:19:23,false,"'s-Hertogenbosch Fietsen","16.72","556","38:00","121","144","2.8","--","--","26.4","53.4","2","7","0.00","0.0","0.0","--","--","--","--","--","--","0.0","--","--","--","--","--","--","--","0:00","0.0","--","0:00","Nee","--","--","--","--"
cycling,2018-08-21 07:41:29,false,"Zaltbommel Fietsen","16.74","566","37:07","124","141","2.5","--","--","27.1","38.0","10","7","0.00","0.0","0.0","--","--","--","--","--","--","0.0","--","--","--","--","--","--","--","0:00","0.0","--","0:00","Nee","--","--","--","--"
running,2018-08-19 11:45:17,false,"Zaltbommel Hardlopen","12.21","760","55:53","148","164","4.8","177","191","4:35","4:08","15","13","1.23","0.0","0.0","--","--","--","--","--","--","0.0","--","--","--","--","--","--","--","0:00","0.0","--","0:00","Nee","--","--","--","--"
open_water_swimming,2018-08-18 16:15:45,false,"Maasdriel Zwemmen in open water","1,245","225","34:40","--","--","0.0","--","--","2:47","0:39","--","--","0.00","0.0","0.0","--","--","--","--","--","--","0.0","--","--","--","1058","63","30","--","0:00","0.0","--","0:00","Nee","--","--","--","--"
open_water_swimming,2018-08-15 19:07:00,false,"Maasdriel Zwemmen in open water","1,273","232","34:10","--","--","0.0","--","--","2:41","0:33","--","--","0.00","0.0","0.0","--","--","--","--","--","--","0.0","--","--","--","1056","61","31","--","0:00","0.0","--","0:00","Nee","--","--","--","--"
cycling,2018-08-14 17:30:01,false,"'s-Hertogenbosch Fietsen","16.76","531","38:36","117","136","2.4","--","--","26.1","34.6","4","6","0.00","0.0","0.0","--","--","--","--","--","--","0.0","--","--","--","--","--","--","--","0:00","0.0","--","0:00","Nee","--","--","--","--"
cycling,2018-08-14 07:35:13,false,"Zaltbommel Fietsen","16.79","568","35:42","127","140","2.7","--","--","28.2","38.2","7","5","0.00","0.0","0.0","--","--","--","--","--","--","0.0","--","--","--","--","--","--","--","0:00","0.0","--","0:00","Nee","--","--","--","--"
running,2018-08-12 08:05:55,false,"Zaltbommel Hardlopen","15.75","995","1:08:38","155","185","5.0","182","193","4:21","3:57","18","15","1.26","0.0","0.0","--","--","--","--","--","--","0.0","--","--","--","--","--","--","--","0:00","0.0","--","0:00","Nee","--","--","--","--"
open_water_swimming,2018-08-11 15:53:55,false,"Maasdriel Zwemmen in open water","1,100","201","29:49","--","--","0.0","--","--","2:43","0:42","--","--","0.00","0.0","0.0","--","--","--","--","--","--","0.0","--","--","--","910","61","30","--","0:00","0.0","--","0:00","Nee","--","--","--","--"
cycling,2018-08-10 10:23:40,false,"Zaltbommel Fietsen","52.12","1,427","1:57:18","124","141","2.9","--","--","26.7","40.0","12","11","0.00","0.0","0.0","--","--","--","--","--","--","0.0","--","--","--","--","--","--","--","0:00","0.0","--","0:00","Nee","--","--","--","--"
open_water_swimming,2018-08-06 20:00:19,false,"Maasdriel Zwemmen in open water","794","144","20:53","--","--","0.0","--","--","2:38","0:39","--","--","0.00","0.0","0.0","--","--","--","--","--","--","0.0","--","--","--","639","60","30","--","0:00","0.0","--","0:00","Nee","--","--","--","--"
running,2018-08-05 08:16:30,false,"Zaltbommel Hardlopen","13.57","829","1:01:50","145","163","4.8","180","195","4:33","3:58","9","6","1.21","0.0","0.0","--","--","--","--","--","--","0.0","--","--","--","--","--","--","--","0:00","0.0","--","0:00","Nee","--","--","--","--"
open_water_swimming,2018-08-04 20:30:29,false,"Maasdriel Zwemmen in open water","532","96","15:53","--","--","0.0","--","--","2:59","1:03","--","--","0.00","0.0","0.0","--","--","--","--","--","--","0.0","--","--","--","491","68","31","--","0:00","0.0","--","0:00","Nee","--","--","--","--"
open_water_swimming,2018-07-31 15:27:09,false,"Porto-Vecchio Zwemmen in open water","1,108","200","33:12","--","--","0.0","--","--","3:00","0:27","83","41","0.00","0.0","0.0","--","--","--","--","--","--","0.0","--","--","--","924","66","29","--","0:00","0.0","--","0:00","Nee","--","--","--","--"
running,2018-07-31 07:11:46,false,"Bonifacio Hardlopen","8.92","587","43:10","143","168","4.2","177","200","4:50","3:13","97","99","1.17","0.0","0.0","--","--","--","--","--","--","0.0","--","--","--","--","--","--","--","0:00","0.0","--","0:00","Nee","--","--","--","--"
running,2018-07-29 07:11:37,false,"Bonifacio Hardlopen","12.50","872","1:11:29","135","152","3.7","169","217","5:43","4:18","220","219","1.03","0.0","0.0","--","--","--","--","--","--","0.0","--","--","--","--","--","--","--","0:00","0.0","--","0:00","Nee","--","--","--","--"
running,2018-07-26 07:34:34,false,"Pietrosella Hardlopen","7.82","520","42:07","143","181","3.3","172","196","5:23","3:48","246","235","1.08","0.0","0.0","--","--","--","--","--","--","0.0","--","--","--","--","--","--","--","0:00","0.0","--","0:00","Nee","--","--","--","--"
open_water_swimming,2018-07-25 18:03:39,false,"Pietrosella Zwemmen in open water","1,065","188","32:34","70","70","1.0","--","--","3:03","1:41","--","--","0.00","0.0","0.0","--","--","--","--","--","--","0.0","--","--","--","852","66","27","--","0:00","0.0","--","0:00","Nee","--","--","--","--"
running,2018-07-24 07:22:52,false,"Pietrosella Hardlopen","12.43","767","1:02:16","141","170","3.6","172","225","5:00","4:06","164","166","1.16","0.0","0.0","--","--","--","--","--","--","0.0","--","--","--","--","--","--","--","0:00","0.0","--","0:00","Nee","--","--","--","--"
lap_swimming,2018-07-23 08:11:52,false,"Baanzwemmen","1,020","193","33:04","--","--","0.0","--","--","3:12","1:03","--","--","0.00","0.0","0.0","--","--","--","--","--","--","0.0","--","--","--","859","55","26","--","0:00","0.0","--","0:00","Nee","--","--","--","--"
hiking,2018-07-22 13:04:38,false,"Corte bergwandeling","0.82","62","12:40","80","104","1.1","112","202","15:27","8:51","100","6","0.58","0.0","0.0","--","--","--","--","--","--","0.0","--","--","--","--","--","--","--","0:00","0.0","--","0:00","Nee","--","--","--","--"
lap_swimming,2018-07-21 08:09:50,false,"Baanzwemmen","1,000","177","33:24","--","--","0.0","--","--","3:20","0:57","--","--","0.00","0.0","0.0","--","--","--","--","--","--","0.0","--","--","--","835","57","25","--","0:00","0.0","--","0:00","Nee","--","--","--","--"
running,2018-07-20 07:20:05,false,"Belgodère Hardlopen","8.04","526","39:38","145","170","3.7","173","189","4:56","4:10","58","57","1.17","0.0","0.0","--","--","--","--","--","--","0.0","--","--","--","--","--","--","--","0:00","0.0","--","0:00","Nee","--","--","--","--"
lap_swimming,2018-07-19 08:16:51,false,"Baanzwemmen","780","144","31:19","--","--","0.0","--","--","3:27","1:03","--","--","0.00","0.0","0.0","--","--","--","--","--","--","0.0","--","--","--","663","59","25","--","0:00","0.0","--","0:00","Nee","--","--","--","--"
running,2018-07-18 08:10:49,false,"Belgodère Hardlopen","8.47","564","45:54","139","158","3.2","168","237","5:25","4:26","45","40","1.10","0.0","0.0","--","--","--","--","--","--","0.0","--","--","--","--","--","--","--","0:00","0.0","--","0:00","Nee","--","--","--","--"
running,2018-07-14 08:40:31,false,"Zaltbommel Hardlopen","11.96","750","53:34","148","167","4.2","180","195","4:29","3:45","12","10","1.24","0.0","0.0","--","--","--","--","--","--","0.0","--","--","--","--","--","--","--","0:00","0.0","--","0:00","Nee","--","--","--","--"
cycling,2018-07-10 16:52:54,false,"'s-Hertogenbosch Fietsen","17.10","478","43:15","116","135","1.8","--","--","23.7","35.8","12","16","0.00","0.0","0.0","--","--","--","--","--","--","0.0","--","--","--","--","--","--","--","0:00","0.0","--","0:00","Nee","--","--","--","--"
cycling,2018-07-10 07:24:09,false,"Zaltbommel Fietsen","16.77","488","36:12","125","144","2.1","--","--","27.8","39.1","18","13","0.00","0.0","0.0","--","--","--","--","--","--","0.0","--","--","--","--","--","--","--","0:00","0.0","--","0:00","Nee","--","--","--","--"
cycling,2018-07-09 17:42:29,false,"'s-Hertogenbosch Fietsen","16.74","488","39:57","121","134","1.9","--","--","25.1","33.2","7","10","0.00","0.0","0.0","--","--","--","--","--","--","0.0","--","--","--","--","--","--","--","0:00","0.0","--","0:00","Nee","--","--","--","--"
cycling,2018-07-09 07:33:36,false,"Zaltbommel Fietsen","16.80","468","35:32","126","143","2.1","--","--","28.4","40.0","7","2","0.00","0.0","0.0","--","--","--","--","--","--","0.0","--","--","--","--","--","--","--","0:00","0.0","--","0:00","Nee","--","--","--","--"
running,2018-07-08 07:43:48,false,"Zaltbommel Hardlopen","11.96","718","54:34","144","184","4.1","178","195","4:34","3:51","10","10","1.23","0.0","0.0","--","--","--","--","--","--","0.0","--","--","--","--","--","--","--","0:00","0.0","--","0:00","Nee","--","--","--","--"
cycling,2018-07-03 17:07:59,false,"'s-Hertogenbosch Fietsen","16.75","464","38:20","120","138","2.0","--","--","26.2","34.6","3","6","0.00","0.0","0.0","--","--","--","--","--","--","0.0","--","--","--","--","--","--","--","0:00","0.0","--","0:00","Nee","--","--","--","--"
cycling,2018-07-03 07:29:11,false,"Zaltbommel Fietsen","16.76","478","37:36","124","134","1.9","--","--","26.7","40.0","7","2","0.00","0.0","0.0","--","--","--","--","--","--","0.0","--","--","--","--","--","--","--","0:00","0.0","--","0:00","Nee","--","--","--","--"
running,2018-07-01 07:40:29,false,"Zaltbommel Hardlopen","16.31","793","1:14:39","136","159","3.0","181","191","4:35","3:56","15","15","1.21","0.0","0.0","--","--","--","--","--","--","0.0","--","--","--","--","--","--","--","0:00","0.0","--","0:00","Nee","--","--","--","--"
cycling,2018-06-29 15:23:54,false,"'s-Hertogenbosch Fietsen","15.37","392","39:44","111","132","1.6","--","--","23.2","32.2","4","8","0.00","0.0","0.0","--","--","--","--","--","--","0.0","--","--","--","--","--","--","--","0:00","0.0","--","0:00","Nee","--","--","--","--"
cycling,2018-06-29 08:09:09,false,"Zaltbommel Fietsen","15.37","398","32:38","120","136","1.8","--","--","28.3","39.4","17","11","0.00","0.0","0.0","--","--","--","--","--","--","0.0","--","--","--","--","--","--","--","0:00","0.0","--","0:00","Nee","--","--","--","--"
cycling,2018-06-27 21:41:19,false,"'s-Hertogenbosch Fietsen","14.16","406","33:04","119","140","2.0","--","--","25.7","33.2","3","12","0.00","0.0","0.0","--","--","--","--","--","--","0.0","--","--","--","--","--","--","--","0:00","0.0","--","0:00","Nee","--","--","--","--"
cycling,2018-06-27 16:39:37,false,"Zaltbommel Fietsen","14.13","283","34:31","103","121","1.4","--","--","24.6","34.6","10","2","0.00","0.0","0.0","--","--","--","--","--","--","0.0","--","--","--","--","--","--","--","0:00","0.0","--","0:00","Nee","--","--","--","--"
running,2018-06-21 21:00:44,false,"Zaltbommel Hardlopen","21.21","1,343","1:33:37","156","172","5.0","181","198","4:25","3:59","25","24","1.25","0.0","0.0","--","--","--","--","--","--","0.0","--","--","--","--","--","--","--","0:00","0.0","--","0:00","Nee","--","--","--","--"
hiking,2018-06-17 12:38:23,false,"Pieterpad LAW 9-2 13","16.55","1,067","3:09:00","91","153","1.9","117","177","11:25","1:42","171","189","0.73","0.0","0.0","--","--","--","--","--","--","0.0","--","--","--","--","--","--","--","0:00","0.0","--","0:00","Nee","--","--","--","--"
hiking,2018-06-16 11:37:55,false,"Pieterpad LAW 9-2 12","21.21","1,390","4:17:15","77","122","2.0","116","241","12:08","4:54","222","194","0.71","0.0","0.0","--","--","--","--","--","--","0.0","--","--","--","--","--","--","--","0:00","0.0","--","0:00","Nee","--","--","--","--"
running,2018-06-13 21:09:28,false,"Zaltbommel Hardlopen","6.23","377","28:15","144","186","3.4","179","193","4:32","3:46","10","10","1.23","0.0","0.0","--","--","--","--","--","--","0.0","--","--","--","--","--","--","--","0:00","0.0","--","0:00","Nee","--","--","--","--"
cycling,2018-06-12 17:37:41,false,"'s-Hertogenbosch Fietsen","14.87","439","36:50","119","132","1.8","--","--","24.2","34.4","4","8","0.00","0.0","0.0","--","--","--","--","--","--","0.0","--","--","--","--","--","--","--","0:00","0.0","--","0:00","Nee","--","--","--","--"
cycling,2018-06-12 07:23:33,false,"Zaltbommel Fietsen","16.81","444","38:33","118","132","1.8","--","--","26.2","38.7","10","6","0.00","0.0","0.0","--","--","--","--","--","--","0.0","--","--","--","--","--","--","--","0:00","0.0","--","0:00","Nee","--","--","--","--"
running,2018-06-10 18:58:58,false,"Zaltbommel Hardlopen","7.26","422","33:55","140","162","3.2","178","195","4:41","3:59","13","12","1.20","0.0","0.0","--","--","--","--","--","--","0.0","--","--","--","--","--","--","--","0:00","0.0","--","0:00","Nee","--","--","--","--"
running,2018-06-06 20:15:38,false,"Zaltbommel Hardlopen","16.39","1,070","1:15:34","155","170","5.0","181","189","4:37","4:13","11","10","1.20","0.0","0.0","--","--","--","--","--","--","0.0","--","--","--","--","--","--","--","0:00","0.0","--","0:00","Nee","--","--","--","--"
running,2018-06-03 20:57:56,false,"Zaltbommel Hardlopen","6.21","390","31:00","139","157","3.1","174","183","4:59","4:10","9","6","1.15","0.0","0.0","--","--","--","--","--","--","0.0","--","--","--","--","--","--","--","0:00","0.0","--","0:00","Nee","--","--","--","--"
cycling,2018-06-01 15:37:40,false,"'s-Hertogenbosch Fietsen","15.20","421","36:55","117","131","1.8","--","--","24.7","33.1","1","6","0.00","0.0","0.0","--","--","--","--","--","--","0.0","--","--","--","--","--","--","--","0:00","0.0","--","0:00","Nee","--","--","--","--"
cycling,2018-06-01 07:57:45,false,"Zaltbommel Fietsen","10.00","248","23:26","111","123","1.4","--","--","25.6","35.2","12","11","0.00","0.0","0.0","--","--","--","--","--","--","0.0","--","--","--","--","--","--","--","0:00","0.0","--","0:00","Nee","--","--","--","--"
cycling,2018-05-29 15:51:33,false,"'s-Hertogenbosch Fietsen","16.64","369","38:07","108","131","1.6","--","--","26.2","34.6","7","9","0.00","0.0","0.0","--","--","--","--","--","--","0.0","--","--","--","--","--","--","--","0:00","0.0","--","0:00","Nee","--","--","--","--"
cycling,2018-05-29 07:34:53,false,"Zaltbommel Fietsen","16.73","406","37:35","115","132","1.7","--","--","26.7","40.0","7","2","0.00","0.0","0.0","--","--","--","--","--","--","0.0","--","--","--","--","--","--","--","0:00","0.0","--","0:00","Nee","--","--","--","--"
running,2018-05-27 08:17:35,false,"Zaltbommel Hardlopen","9.61","570","47:05","137","155","3.3","173","197","4:54","4:16","11","9","1.18","0.0","0.0","--","--","--","--","--","--","0.0","--","--","--","--","--","--","--","0:00","0.0","--","0:00","Nee","--","--","--","--"
running,2018-05-23 20:15:59,false,"Zaltbommel Hardlopen","10.41","691","49:58","145","167","3.9","175","193","4:48","3:52","8","6","1.19","0.0","0.0","--","--","--","--","--","--","0.0","--","--","--","--","--","--","--","0:00","0.0","--","0:00","Nee","--","--","--","--"
cycling,2018-05-22 16:22:06,false,"'s-Hertogenbosch Fietsen","16.60","435","42:54","111","129","1.7","--","--","23.2","30.8","7","10","0.00","0.0","0.0","--","--","--","--","--","--","0.0","--","--","--","--","--","--","--","0:00","0.0","--","0:00","Nee","--","--","--","--"
cycling,2018-05-22 07:47:46,false,"Zaltbommel Fietsen","16.72","437","37:54","116","136","1.9","--","--","26.5","37.4","13","9","0.00","0.0","0.0","--","--","--","--","--","--","0.0","--","--","--","--","--","--","--","0:00","0.0","--","0:00","Nee","--","--","--","--"
paddling,2018-05-20 16:49:38,false,"Hamoir Kanoen","2.23","117","21:25","77","110","1.1","116","122","6.2","126.1","21","104","0.90","0.0","0.0","--","--","--","--","--","--","0.0","--","--","--","--","--","--","--","0:00","0.0","--","0:00","Nee","--","--","--","--"
hiking,2018-05-19 11:52:22,false,"Aywaille wandelen","6.08","402","1:17:33","86","123","1.1","114","250","12:45","1:02","238","240","0.68","0.0","0.0","--","--","--","--","--","--","0.0","--","--","--","--","--","--","--","0:00","0.0","--","0:00","Nee","--","--","--","--"
cycling,2018-05-15 17:34:18,false,"'s-Hertogenbosch Fietsen","16.60","427","41:26","111","127","1.7","--","--","24.0","34.1","3","6","0.00","0.0","0.0","--","--","--","--","--","--","0.0","--","--","--","--","--","--","--","0:00","0.0","--","0:00","Nee","--","--","--","--"
cycling,2018-05-15 07:23:03,false,"Zaltbommel Fietsen","16.72","387","43:31","106","119","1.6","--","--","23.1","34.8","9","5","0.00","0.0","0.0","--","--","--","--","--","--","0.0","--","--","--","--","--","--","--","0:00","0.0","--","0:00","Nee","--","--","--","--"
running,2018-05-13 11:30:22,false,"1/2 marathon Tilburg","20.98","1,419","1:32:47","158","187","5.0","176","187","4:25","3:44","22","22","1.28","0.0","0.0","--","--","--","--","--","--","0.0","--","--","--","--","--","--","--","0:00","0.0","--","0:00","Nee","--","--","--","--"
running,2018-05-09 19:08:01,false,"Zaltbommel Hardlopen","6.92","435","33:42","137","151","3.0","174","181","4:52","4:23","6","6","1.18","0.0","0.0","--","--","--","--","--","--","0.0","--","--","--","--","--","--","--","0:00","0.0","--","0:00","Nee","--","--","--","--"
cycling,2018-05-08 17:34:11,false,"'s-Hertogenbosch Fietsen","16.59","421","38:51","111","136","1.8","--","--","25.6","38.3","8","12","0.00","0.0","0.0","--","--","--","--","--","--","0.0","--","--","--","--","--","--","--","0:00","0.0","--","0:00","Nee","--","--","--","--"
cycling,2018-05-08 07:11:59,false,"Zaltbommel Fietsen","16.11","488","38:33","121","138","1.8","--","--","25.1","38.9","15","12","0.00","0.0","0.0","--","--","--","--","--","--","0.0","--","--","--","--","--","--","--","0:00","0.0","--","0:00","Nee","--","--","--","--"
running,2018-05-03 12:32:51,false,"Zaltbommel Hardlopen","21.15","1,342","1:36:18","150","161","4.3","181","189","4:33","4:18","25","24","1.21","0.0","0.0","--","--","--","--","--","--","0.0","--","--","--","--","--","--","--","0:00","0.0","--","0:00","Nee","--","--","--","--"
running,2018-04-27 08:36:00,false,"Algorfa Hardlopen","15.95","734","1:21:05","127","142","2.4","173","237","5:05","3:36","73","73","1.14","0.0","0.0","--","--","--","--","--","--","0.0","--","--","--","--","--","--","--","0:00","0.0","--","0:00","Nee","--","--","--","--"
running,2018-04-25 08:13:12,false,"Algorfa Hardlopen","10.91","582","57:16","129","159","2.3","169","229","5:15","4:28","62","64","1.12","0.0","0.0","--","--","--","--","--","--","0.0","--","--","--","--","--","--","--","0:00","0.0","--","0:00","Nee","--","--","--","--"
hiking,2018-04-24 13:03:34,false,"Lo Crispin Wandelen","1.71","117","24:31","75","114","1.0","112","144","14:20","8:05","4","6","0.62","0.0","0.0","--","--","--","--","--","--","0.0","--","--","--","--","--","--","--","0:00","0.0","--","0:00","Nee","--","--","--","--"
running,2018-04-22 07:55:05,false,"Zaltbommel Hardlopen","16.32","993","1:14:20","147","175","4.2","181","188","4:33","3:31","7","7","1.21","0.0","0.0","--","--","--","--","--","--","0.0","--","--","--","--","--","--","--","0:00","0.0","--","0:00","Nee","--","--","--","--"
running,2018-04-18 19:24:28,false,"Zaltbommel Hardlopen","10.43","649","48:43","146","174","3.9","181","200","4:40","3:37","10","8","1.18","0.0","0.0","--","--","--","--","--","--","0.0","--","--","--","--","--","--","--","0:00","0.0","--","0:00","Nee","--","--","--","--"
cycling,2018-04-16 18:36:15,false,"'s-Hertogenbosch Fietsen","16.74","490","40:38","119","132","1.8","--","--","24.7","33.8","4","7","0.00","0.0","0.0","--","--","--","--","--","--","0.0","--","--","--","--","--","--","--","0:00","0.0","--","0:00","Nee","--","--","--","--"
cycling,2018-04-16 07:36:13,false,"Zaltbommel Fietsen","16.77","494","40:58","119","136","1.8","--","--","24.6","38.4","11","8","0.00","0.0","0.0","--","--","--","--","--","--","0.0","--","--","--","--","--","--","--","0:00","0.0","--","0:00","Nee","--","--","--","--"
running,2018-04-15 06:57:27,false,"Zaltbommel Hardlopen","14.26","916","1:06:55","150","184","4.9","179","198","4:41","3:58","19","18","1.19","0.0","0.0","--","--","--","--","--","--","0.0","--","--","--","--","--","--","--","0:00","0.0","--","0:00","Nee","--","--","--","--"
walking,2018-04-08 13:25:53,false,"Coevorden Wandelen","8.17","550","1:43:04","90","119","1.3","113","122","12:37","10:31","18","19","0.70","0.0","0.0","--","--","--","--","--","--","0.0","--","--","--","--","--","--","--","0:00","0.0","--","0:00","Nee","--","--","--","--"
running,2018-04-08 08:16:31,false,"Coevorden Hardlopen","10.77","745","51:05","155","181","5.0","178","187","4:45","4:04","14","15","1.18","0.0","0.0","--","--","--","--","--","--","0.0","--","--","--","--","--","--","--","0:00","0.0","--","0:00","Nee","--","--","--","--"
running,2018-04-07 07:41:20,false,"Coevorden Hardlopen","10.30","618","49:52","140","171","3.5","176","188","4:50","4:01","11","10","1.17","0.0","0.0","--","--","--","--","--","--","0.0","--","--","--","--","--","--","--","0:00","0.0","--","0:00","Nee","--","--","--","--"
running,2018-04-01 08:30:27,false,"Zaltbommel Hardlopen","15.62","937","1:15:17","143","161","3.8","176","188","4:49","4:32","13","13","1.18","0.0","0.0","--","--","--","--","--","--","0.0","--","--","--","--","--","--","--","0:00","0.0","--","0:00","Nee","--","--","--","--"
running,2018-03-24 19:30:15,false,"Zaltbommel Hardlopen","12.08","748","55:07","152","165","4.5","180","191","4:34","4:08","13","13","1.22","0.0","0.0","--","--","--","--","--","--","0.0","--","--","--","--","--","--","--","0:00","0.0","--","0:00","Nee","--","--","--","--"
running,2018-03-18 08:06:31,false,"Zaltbommel Hardlopen","14.27","907","1:08:34","148","183","4.5","176","190","4:48","4:16","7","9","1.18","0.0","0.0","--","--","--","--","--","--","0.0","--","--","--","--","--","--","--","0:00","0.0","--","0:00","Nee","--","--","--","--"
running,2018-03-11 18:30:41,false,"Zaltbommel Hardlopen","7.26","469","36:39","142","165","3.4","171","183","5:03","4:14","6","7","1.16","0.0","0.0","--","--","--","--","--","--","0.0","--","--","--","--","--","--","--","0:00","0.0","--","0:00","Nee","--","--","--","--"
running,2018-03-09 17:43:21,false,"Zaltbommel Hardlopen","10.48","637","47:48","149","176","4.1","180","198","4:34","3:16","7","7","1.22","0.0","0.0","--","--","--","--","--","--","0.0","--","--","--","--","--","--","--","0:00","0.0","--","0:00","Nee","--","--","--","--"
running,2018-03-03 06:50:00,false,"Zaltbommel Hardlopen","12.11","713","57:41","142","164","4.1","177","188","4:46","4:18","12","12","1.18","0.0","0.0","--","--","--","--","--","--","0.0","--","--","--","--","--","--","--","0:00","0.0","--","0:00","Nee","--","--","--","--"
running,2018-02-25 07:35:53,false,"Zaltbommel Hardlopen","10.22","610","50:46","141","153","3.5","174","186","4:58","1:35","8","8","1.16","0.0","0.0","--","--","--","--","--","--","0.0","--","--","--","--","--","--","--","0:00","0.0","--","0:00","Nee","--","--","--","--"
running,2018-02-07 19:53:19,false,"Zaltbommel Hardlopen","6.87","421","36:45","138","168","3.2","167","190","5:21","4:29","6","6","1.12","0.0","0.0","--","--","--","--","--","--","0.0","--","--","--","--","--","--","--","0:00","0.0","--","0:00","Nee","--","--","--","--"
running,2018-02-04 10:58:26,false,"Zaltbommel Hardlopen","9.18","688","45:10","165","176","5.0","174","188","4:55","4:22","4","4","1.17","0.0","0.0","--","--","--","--","--","--","0.0","--","--","--","--","--","--","--","0:00","0.0","--","0:00","Nee","--","--","--","--"
lap_swimming,2018-01-21 12:40:50,false,"Baanzwemmen","480","126","10:23","--","--","0.0","--","--","1:59","1:01","--","--","0.00","0.0","0.0","--","--","--","--","--","--","0.0","--","--","--","213","33","22","--","0:00","0.0","--","0:00","Nee","--","--","--","--"
running,2018-01-21 08:46:53,false,"Zaltbommel Hardlopen","14.38","927","1:12:09","144","169","4.0","174","191","5:01","3:30","15","12","1.15","0.0","0.0","--","--","--","--","--","--","0.0","--","--","--","--","--","--","--","0:00","0.0","--","0:00","Nee","--","--","--","--"
running,2018-01-14 08:25:12,false,"Zaltbommel Hardlopen","11.17","700","50:23","155","177","4.8","181","197","4:30","3:46","12","11","1.23","0.0","0.0","--","--","--","--","--","--","0.0","--","--","--","--","--","--","--","0:00","0.0","--","0:00","Nee","--","--","--","--"
running,2018-01-06 16:26:33,false,"Zaltbommel Hardlopen","11.19","723","54:46","150","186","4.1","173","199","4:54","3:24","12","10","1.18","0.0","0.0","--","--","--","--","--","--","0.0","--","--","--","--","--","--","--","0:00","0.0","--","0:00","Nee","--","--","--","--"
running,2018-01-02 16:52:06,false,"Zaltbommel Hardlopen","12.18","741","56:27","148","163","4.1","179","192","4:38","4:10","11","11","1.21","0.0","0.0","--","--","--","--","--","--","0.0","--","--","--","--","--","--","--","0:00","0.0","--","0:00","Nee","--","--","--","--"
running,2017-12-27 10:54:42,false,"Zaltbommel Hardlopen","12.60","744","1:00:51","143","167","3.9","172","186","4:50","3:41","9","9","1.20","0.0","0.0","--","--","--","--","--","--","0.0","--","--","--","--","--","--","--","0:00","0.0","--","0:00","Nee","--","--","--","--"
running,2017-12-24 08:25:57,false,"Zaltbommel Hardlopen","10.20","633","49:40","145","172","3.9","173","199","4:52","3:45","14","13","1.18","0.0","0.0","--","--","--","--","--","--","0.0","--","--","--","--","--","--","--","0:00","0.0","--","0:00","Nee","--","--","--","--"
running,2017-12-17 07:43:33,false,"Zaltbommel Hardlopen","12.14","728","59:13","143","176","4.0","173","187","4:53","4:23","7","7","1.19","0.0","0.0","--","--","--","--","--","--","0.0","--","--","--","--","--","--","--","0:00","0.0","--","0:00","Nee","--","--","--","--"
running,2017-12-10 07:54:29,false,"Zaltbommel Hardlopen","11.45","715","1:03:48","135","163","3.1","162","221","5:34","4:04","10","9","1.11","0.0","0.0","--","--","--","--","--","--","0.0","--","--","--","--","--","--","--","0:00","0.0","--","0:00","Nee","--","--","--","--"
running,2017-11-26 07:12:54,false,"Zaltbommel Hardlopen","10.24","445","49:21","123","154","2.1","176","196","4:49","3:59","10","8","1.18","0.0","0.0","--","--","--","--","--","--","0.0","--","--","--","--","--","--","--","0:00","0.0","--","0:00","Nee","--","--","--","--"
running,2017-11-19 13:27:11,false,"Nijmegen Hardlopen","15.05","962","1:06:04","159","183","5.0","178","190","4:23","3:42","125","129","1.28","0.0","0.0","--","--","--","--","--","--","0.0","--","--","--","--","--","--","--","0:00","0.0","--","0:00","Nee","--","--","--","--"
running,2017-11-15 20:16:08,false,"Zaltbommel Hardlopen","5.97","375","32:22","133","150","2.7","162","188","5:25","4:19","11","10","1.14","0.0","0.0","--","--","--","--","--","--","0.0","--","--","--","--","--","--","--","0:00","0.0","--","0:00","Nee","--","--","--","--"
cycling,2017-11-14 17:46:34,false,"'s-Hertogenbosch Fietsen","16.75","376","38:56","109","128","1.6","--","--","25.8","36.2","6","9","0.00","0.0","0.0","--","--","--","--","--","--","0.0","--","--","--","--","--","--","--","0:00","0.0","--","0:00","Nee","--","--","--","--"
cycling,2017-11-14 07:39:18,false,"Zaltbommel Fietsen","16.79","508","40:13","124","146","1.9","--","--","25.0","33.1","8","5","0.00","0.0","0.0","--","--","--","--","--","--","0.0","--","--","--","--","--","--","--","0:00","0.0","--","0:00","Nee","--","--","--","--"
running,2017-11-12 07:32:38,false,"Zaltbommel Hardlopen","16.43","987","1:13:48","148","168","4.3","180","193","4:29","4:06","8","6","1.23","0.0","0.0","--","--","--","--","--","--","0.0","--","--","--","--","--","--","--","0:00","0.0","--","0:00","Nee","--","--","--","--"
cycling,2017-11-06 17:25:02,false,"'s-Hertogenbosch Fietsen","16.74","416","40:24","114","132","1.7","--","--","24.9","32.6","3","6","0.00","0.0","0.0","--","--","--","--","--","--","0.0","--","--","--","--","--","--","--","0:00","0.0","--","0:00","Nee","--","--","--","--"
cycling,2017-11-06 07:47:43,false,"Zaltbommel Fietsen","16.80","533","40:03","125","161","2.2","--","--","25.2","35.4","7","2","0.00","0.0","0.0","--","--","--","--","--","--","0.0","--","--","--","--","--","--","--","0:00","0.0","--","0:00","Nee","--","--","--","--"
running,2017-11-05 08:00:57,false,"Zaltbommel Hardlopen","11.18","729","54:38","144","170","3.7","173","185","4:53","4:32","19","18","1.18","0.0","0.0","--","--","--","--","--","--","0.0","--","--","--","--","--","--","--","0:00","0.0","--","0:00","Nee","--","--","--","--"
cycling,2017-10-30 17:33:33,false,"'s-Hertogenbosch Fietsen","16.74","473","39:49","120","138","1.9","--","--","25.2","34.3","4","7","0.00","0.0","0.0","--","--","--","--","--","--","0.0","--","--","--","--","--","--","--","0:00","0.0","--","0:00","Nee","--","--","--","--"
cycling,2017-10-30 07:23:42,false,"Zaltbommel Fietsen","16.74","481","37:43","123","139","2.0","--","--","26.6","39.1","11","6","0.00","0.0","0.0","--","--","--","--","--","--","0.0","--","--","--","--","--","--","--","0:00","0.0","--","0:00","Nee","--","--","--","--"
running,2017-10-29 07:15:59,false,"Zaltbommel Hardlopen","16.25","1,062","1:13:12","153","174","4.7","182","196","4:30","3:38","11","8","1.22","0.0","0.0","--","--","--","--","--","--","0.0","--","--","--","--","--","--","--","0:00","0.0","--","0:00","Nee","--","--","--","--"
cycling,2017-10-26 18:05:27,false,"'s-Hertogenbosch Fietsen","16.71","542","38:17","129","143","2.3","--","--","26.2","34.2","4","7","0.00","0.0","0.0","--","--","--","--","--","--","0.0","--","--","--","--","--","--","--","0:00","0.0","--","0:00","Nee","--","--","--","--"
cycling,2017-10-26 07:59:05,false,"Zaltbommel Fietsen","16.77","382","41:05","109","129","1.6","--","--","24.5","34.8","21","14","0.00","0.0","0.0","--","--","--","--","--","--","0.0","--","--","--","--","--","--","--","0:00","0.0","--","0:00","Nee","--","--","--","--"
cycling,2017-10-24 17:51:34,false,"'s-Hertogenbosch Fietsen","16.76","480","37:44","122","142","2.0","--","--","26.6","36.3","4","8","0.00","0.0","0.0","--","--","--","--","--","--","0.0","--","--","--","--","--","--","--","0:00","0.0","--","0:00","Nee","--","--","--","--"
cycling,2017-10-24 07:43:59,false,"Zaltbommel Fietsen","16.78","510","40:42","122","176","2.0","--","--","24.7","37.7","10","5","0.00","0.0","0.0","--","--","--","--","--","--","0.0","--","--","--","--","--","--","--","0:00","0.0","--","0:00","Nee","--","--","--","--"
running,2017-10-22 07:42:29,false,"Zaltbommel Hardlopen","20.10","1,213","1:34:31","143","158","3.7","176","184","4:42","4:03","19","18","1.21","0.0","0.0","--","--","--","--","--","--","0.0","--","--","--","--","--","--","--","0:00","0.0","--","0:00","Nee","--","--","--","--"
running,2017-10-15 07:51:42,false,"Zaltbommel Hardlopen","16.27","1,032","1:11:40","149","164","4.5","182","189","4:24","3:55","11","11","1.25","0.0","0.0","--","--","--","--","--","--","0.0","--","--","--","--","--","--","--","0:00","0.0","--","0:00","Nee","--","--","--","--"
cycling,2017-10-10 17:55:37,false,"'s-Hertogenbosch Fietsen","16.70","430","37:47","117","141","1.8","--","--","26.5","36.2","3","9","0.00","0.0","0.0","--","--","--","--","--","--","0.0","--","--","--","--","--","--","--","0:00","0.0","--","0:00","Nee","--","--","--","--"
cycling,2017-10-10 07:22:13,false,"Zaltbommel Fietsen","16.76","489","39:44","121","141","2.0","--","--","25.3","36.5","10","6","0.00","0.0","0.0","--","--","--","--","--","--","0.0","--","--","--","--","--","--","--","0:00","0.0","--","0:00","Nee","--","--","--","--"
running,2017-10-08 13:12:47,false,"Zaltbommel Hardlopen","15.47","1,060","1:09:50","151","162","4.5","179","187","4:31","4:16","8","8","1.23","0.0","0.0","--","--","--","--","--","--","0.0","--","--","--","--","--","--","--","0:00","0.0","--","0:00","Nee","--","--","--","--"
cycling,2017-10-03 17:52:23,false,"'s-Hertogenbosch Fietsen","16.71","592","38:33","126","138","2.4","--","--","26.0","35.5","5","9","0.00","0.0","0.0","--","--","--","--","--","--","0.0","--","--","--","--","--","--","--","0:00","0.0","--","0:00","Nee","--","--","--","--"
cycling,2017-10-03 07:42:21,false,"Zaltbommel Fietsen","16.77","590","37:46","125","139","2.8","--","--","26.6","37.0","17","14","0.00","0.0","0.0","--","--","--","--","--","--","0.0","--","--","--","--","--","--","--","0:00","0.0","--","0:00","Nee","--","--","--","--"
running,2017-10-01 07:38:12,false,"Zaltbommel Hardlopen","12.46","1,019","56:25","151","170","5.0","179","241","4:32","4:00","9","7","1.23","0.0","0.0","--","--","--","--","--","--","0.0","--","--","--","--","--","--","--","0:00","0.0","--","0:00","Nee","--","--","--","--"
running,2017-09-27 19:33:14,false,"Zaltbommel Hardlopen","10.24","901","46:38","148","171","4.2","178","203","4:33","3:42","13","13","1.23","0.0","0.0","--","--","--","--","--","--","0.0","--","--","--","--","--","--","--","0:00","0.0","--","0:00","Nee","--","--","--","--"
cycling,2017-09-15 09:05:08,false,"Zaltbommel Fietsen","7.44","233","19:12","132","164","2.6","--","--","23.2","29.3","5","6","0.00","0.0","0.0","--","--","--","--","--","--","0.0","--","--","--","--","--","--","--","0:00","0.0","--","0:00","Nee","--","--","--","--"
running,2017-09-10 07:52:25,false,"Zaltbommel Hardlopen","12.05","744","53:19","150","168","4.7","181","201","4:25","3:51","15","15","1.25","0.0","0.0","--","--","--","--","--","--","0.0","--","--","--","--","--","--","--","0:00","0.0","--","0:00","Nee","--","--","--","--"
running,2017-09-03 07:42:22,false,"Zaltbommel Hardlopen","12.37","741","55:59","145","163","4.3","179","199","4:31","4:00","6","5","1.23","0.0","0.0","--","--","--","--","--","--","0.0","--","--","--","--","--","--","--","0:00","0.0","--","0:00","Nee","--","--","--","--"
running,2017-08-30 20:39:21,false,"Zaltbommel Hardlopen","7.00","432","34:52","138","152","3.2","170","177","4:59","4:27","10","8","1.18","0.0","0.0","--","--","--","--","--","--","0.0","--","--","--","--","--","--","--","0:00","0.0","--","0:00","Nee","--","--","--","--"
other,2017-08-26 14:06:07,false,"1/8 e triathlon","24.42","985","1:10:51","153","175","5.0","146","246","20.7","43.2","16","13","2.36","0.0","0.0","--","--","--","--","--","--","0.0","--","--","--","--","--","--","--","0:00","0.0","--","0:00","Nee","--","--","--","--"
running,2017-08-23 20:05:28,false,"Zaltbommel Hardlopen","10.24","625","57:21","137","167","3.4","159","197","5:36","3:51","9","6","1.10","0.0","0.0","--","--","--","--","--","--","0.0","--","--","--","--","--","--","--","0:00","0.0","--","0:00","Nee","--","--","--","--"
running,2017-08-20 07:31:39,false,"Zaltbommel Hardlopen","12.13","749","53:25","153","187","5.0","180","201","4:24","3:48","12","11","1.26","0.0","0.0","--","--","--","--","--","--","0.0","--","--","--","--","--","--","--","0:00","0.0","--","0:00","Nee","--","--","--","--"
running,2017-08-16 07:49:20,false,"Biot Hardlopen","4.91","390","22:39","179","192","4.9","175","182","4:37","4:18","29","3","1.24","0.0","0.0","--","--","--","--","--","--","0.0","--","--","--","--","--","--","--","0:00","0.0","--","0:00","Nee","--","--","--","--"
swimming,2017-08-16 07:37:33,false,"Biot Zwemmen","511","116","9:05.5","147","190","2.2","--","--","1:47","0:41","2","--","0.00","0.0","0.0","--","--","--","--","--","--","0.0","--","--","--","--","--","--","--","0:00","0.0","--","0:00","Nee","--","--","--","--"
running,2017-08-16 07:28:31,false,"Biot Hardlopen","1.58","91","7:53.4","128","155","1.8","168","178","5:00","4:16","3","26","1.19","0.0","0.0","--","--","--","--","--","--","0.0","--","--","--","--","--","--","--","0:00","0.0","--","0:00","Nee","--","--","--","--"
cycling,2017-08-15 16:28:23,false,"Nice Fietsen","17.76","261","1:01:01","86","129","1.1","--","--","17.5","25.3","52","34","0.00","0.0","0.0","--","--","--","--","--","--","0.0","--","--","--","--","--","--","--","0:00","0.0","--","0:00","Nee","--","--","--","--"
running,2017-08-15 10:47:57,false,"Biot Hardlopen","4.88","309","23:36","143","189","3.4","172","184","4:50","4:14","34","11","1.20","0.0","0.0","--","--","--","--","--","--","0.0","--","--","--","--","--","--","--","0:00","0.0","--","0:00","Nee","--","--","--","--"
open_water_swimming,2017-08-14 15:02:07,false,"Biot zwemmen 3","700","161","12:37","140","162","2.4","96","123","1:48","0:38","--","--","0.59","0.0","0.0","--","--","--","--","--","--","0.0","--","--","--","--","--","--","--","0:00","0.0","--","0:00","Nee","--","--","--","--"
open_water_swimming,2017-08-14 13:47:52,false,"Biot zwemmen 2","675","149","12:06","136","173","2.2","114","126","1:48","0:45","--","--","0.48","0.0","0.0","--","--","--","--","--","--","0.0","--","--","--","--","--","--","--","0:00","0.0","--","0:00","Nee","--","--","--","--"
open_water_swimming,2017-08-14 12:56:24,false,"Biot zwemmen 1","550","63","9:44","95","119","1.1","101","130","1:46","0:40","--","--","0.55","0.0","0.0","--","--","--","--","--","--","0.0","--","--","--","--","--","--","--","0:00","0.0","--","0:00","Nee","--","--","--","--"
running,2017-08-14 08:04:29,false,"Biot Hardlopen","7.44","457","36:31","140","175","3.4","172","188","4:55","4:15","39","37","1.18","0.0","0.0","--","--","--","--","--","--","0.0","--","--","--","--","--","--","--","0:00","0.0","--","0:00","Nee","--","--","--","--"
running,2017-08-10 08:39:11,false,"Biot Hardlopen","12.02","850","1:11:57","139","172","3.9","161","180","5:59","4:29","75","100","1.03","0.0","0.0","--","--","--","--","--","--","0.0","--","--","--","--","--","--","--","0:00","0.0","--","0:00","Nee","--","--","--","--"
running,2017-08-07 09:34:29,false,"Saint-Saud-Lacoussière Hardlopen","2.36","160","12:00","144","177","2.6","171","182","5:05","4:35","20","12","1.15","0.0","0.0","--","--","--","--","--","--","0.0","--","--","--","--","--","--","--","0:00","0.0","--","0:00","Nee","--","--","--","--"
swimming,2017-08-07 09:31:12,false,"Saint-Saud-Lacoussière Zwemmen","550","--","12:00","90","91","1.0","--","--","2:11","1:16","--","--","0.00","0.0","0.0","--","--","--","--","--","--","0.0","--","--","--","--","--","--","--","0:00","0.0","--","0:00","Nee","--","--","--","--"
running,2017-08-07 09:08:36,false,"Saint-Saud-Lacoussière Hardlopen","1.69","94","9:23.3","117","125","1.6","165","175","5:33","4:56","15","15","1.09","0.0","0.0","--","--","--","--","--","--","0.0","--","--","--","--","--","--","--","0:00","0.0","--","0:00","Nee","--","--","--","--"
running,2017-08-05 17:03:28,false,"Saint-Saud-Lacoussière Hardlopen","9.99","662","49:51","144","156","4.0","172","192","4:59","4:17","65","62","1.16","0.0","0.0","--","--","--","--","--","--","0.0","--","--","--","--","--","--","--","0:00","0.0","--","0:00","Nee","--","--","--","--"
cycling,2017-08-04 12:56:08,false,"Saint-Saud-Lacoussière Fietsen","26.20","546","1:35:19","97","141","1.6","--","--","16.5","42.1","286","284","0.00","0.0","0.0","--","--","--","--","--","--","0.0","--","--","--","--","--","--","--","0:00","0.0","--","0:00","Nee","--","--","--","--"
transition,2017-08-04 09:01:05,false,"Lopen-zwemmen-lopen Saint-Saud-Lacoussière ","4.07","294","30:57","120","163","2.4","141","186","7.9","16.2","22","29","0.94","0.0","0.0","--","--","--","--","--","--","0.0","--","--","--","--","--","--","--","0:00","0.0","--","0:00","Nee","--","--","--","--"
cycling,2017-08-03 18:04:09,false,"Saint-Saud-Lacoussière Fietsen","33.04","790","1:15:43","131","167","3.1","--","--","26.2","51.6","375","372","0.00","0.0","0.0","--","--","--","--","--","--","0.0","--","--","--","--","--","--","--","0:00","0.0","--","0:00","Nee","--","--","--","--"
open_water_swimming,2017-08-02 13:45:33,false,"Saint-Saud-Lacoussière Overig","600","60","10:50","90","95","1.0","71","132","1:48","0:27","--","3","0.80","0.0","0.0","--","--","--","--","--","--","0.0","--","--","--","--","--","--","--","0:00","0.0","--","0:00","Nee","--","--","--","--"
running,2017-07-29 17:28:36,false,"Zaltbommel Hardlopen","16.54","1,096","1:14:27","155","171","5.0","178","199","4:30","3:57","13","11","1.25","0.0","0.0","--","--","--","--","--","--","0.0","--","--","--","--","--","--","--","0:00","0.0","--","0:00","Nee","--","--","--","--"
cycling,2017-07-24 17:24:34,false,"'s-Hertogenbosch Fietsen","16.73","574","40:05","151","168","4.1","--","--","25.0","33.5","5","10","0.00","0.0","0.0","--","--","--","--","--","--","0.0","--","--","--","--","--","--","--","0:00","0.0","--","0:00","Nee","--","--","--","--"
cycling,2017-07-24 07:57:39,false,"Zaltbommel Fietsen","16.79","564","40:28","146","175","4.4","--","--","24.9","35.0","6","4","0.00","0.0","0.0","--","--","--","--","--","--","0.0","--","--","--","--","--","--","--","0:00","0.0","--","0:00","Nee","--","--","--","--"
running,2017-07-23 08:16:02,false,"Zaltbommel Hardlopen","12.14","775","54:40","150","178","5.0","179","204","4:30","3:38","9","7","1.24","0.0","0.0","--","--","--","--","--","--","0.0","--","--","--","--","--","--","--","0:00","0.0","--","0:00","Nee","--","--","--","--"
cycling,2017-07-18 17:36:06,false,"'s-Hertogenbosch Fietsen","16.74","396","39:28","121","162","2.4","--","--","25.5","33.8","3","6","0.00","0.0","0.0","--","--","--","--","--","--","0.0","--","--","--","--","--","--","--","0:00","0.0","--","0:00","Nee","--","--","--","--"
cycling,2017-07-18 08:07:19,false,"Zaltbommel Fietsen","16.80","446","38:07","137","181","3.6","--","--","26.4","36.4","12","7","0.00","0.0","0.0","--","--","--","--","--","--","0.0","--","--","--","--","--","--","--","0:00","0.0","--","0:00","Nee","--","--","--","--"
running,2017-07-16 08:16:50,false,"Zaltbommel Hardlopen","12.13","745","59:28","137","167","3.7","171","195","4:54","4:07","12","12","1.20","0.0","0.0","--","--","--","--","--","--","0.0","--","--","--","--","--","--","--","0:00","0.0","--","0:00","Nee","--","--","--","--"
cycling,2017-07-10 17:37:43,false,"'s-Hertogenbosch Fietsen","16.77","367","39:45","115","142","2.1","--","--","25.3","34.1","4","6","0.00","0.0","0.0","--","--","--","--","--","--","0.0","--","--","--","--","--","--","--","0:00","0.0","--","0:00","Nee","--","--","--","--"
cycling,2017-07-10 07:46:42,false,"Zaltbommel Fietsen","16.78","322","38:17","111","134","1.7","--","--","26.3","38.5","13","9","0.00","0.0","0.0","--","--","--","--","--","--","0.0","--","--","--","--","--","--","--","0:00","0.0","--","0:00","Nee","--","--","--","--"
running,2017-07-08 19:07:52,false,"Zaltbommel Hardlopen","13.10","839","1:01:16","147","170","4.6","175","203","4:41","3:48","14","12","1.22","0.0","0.0","--","--","--","--","--","--","0.0","--","--","--","--","--","--","--","0:00","0.0","--","0:00","Nee","--","--","--","--"
running,2017-07-04 20:24:49,false,"Zaltbommel Hardlopen","8.82","541","41:53","142","156","3.7","173","192","4:45","4:04","6","4","1.22","0.0","0.0","--","--","--","--","--","--","0.0","--","--","--","--","--","--","--","0:00","0.0","--","0:00","Nee","--","--","--","--"
running,2017-07-02 08:00:59,false,"Zaltbommel Hardlopen","12.38","777","55:44","151","176","5.0","176","201","4:30","3:45","7","7","1.26","0.0","0.0","--","--","--","--","--","--","0.0","--","--","--","--","--","--","--","0:00","0.0","--","0:00","Nee","--","--","--","--"
running,2017-06-27 21:04:18,false,"Zaltbommel Hardlopen","5.28","333","26:19","135","172","3.0","167","173","4:59","4:32","4","4","1.20","0.0","0.0","--","--","--","--","--","--","0.0","--","--","--","--","--","--","--","0:00","0.0","--","0:00","Nee","--","--","--","--"
running,2017-06-24 07:18:02,false,"Zaltbommel Hardlopen","17.55","1,170","1:22:46","152","187","5.0","175","182","4:43","4:20","20","20","1.21","0.0","0.0","--","--","--","--","--","--","0.0","--","--","--","--","--","--","--","0:00","0.0","--","0:00","Nee","--","--","--","--"
cycling,2017-06-19 17:54:23,false,"'s-Hertogenbosch Fietsen","16.75","360","40:34","115","154","2.0","--","--","24.8","33.9","2","6","0.00","0.0","0.0","--","--","--","--","--","--","0.0","--","--","--","--","--","--","--","0:00","0.0","--","0:00","Nee","--","--","--","--"
cycling,2017-06-19 07:56:56,false,"Zaltbommel Fietsen","16.83","370","39:53","116","165","2.0","--","--","25.3","34.6","12","6","0.00","0.0","0.0","--","--","--","--","--","--","0.0","--","--","--","--","--","--","--","0:00","0.0","--","0:00","Nee","--","--","--","--"
running,2017-06-17 19:56:28,false,"Zaltbommel Hardlopen","12.14","799","56:23","151","167","4.8","176","196","4:39","3:58","6","6","1.23","0.0","0.0","--","--","--","--","--","--","0.0","--","--","--","--","--","--","--","0:00","0.0","--","0:00","Nee","--","--","--","--"
running,2017-06-14 21:36:09,false,"Zaltbommel Hardlopen","6.04","388","32:37","135","160","3.0","160","197","5:24","3:30","6","6","1.14","0.0","0.0","--","--","--","--","--","--","0.0","--","--","--","--","--","--","--","0:00","0.0","--","0:00","Nee","--","--","--","--"
cycling,2017-06-13 18:00:07,false,"'s-Hertogenbosch Fietsen","16.71","446","40:16","128","176","2.7","--","--","24.9","33.5","3","6","0.00","0.0","0.0","--","--","--","--","--","--","0.0","--","--","--","--","--","--","--","0:00","0.0","--","0:00","Nee","--","--","--","--"
cycling,2017-06-13 08:56:24,false,"Zaltbommel Fietsen","16.78","408","38:16","125","172","2.5","--","--","26.3","37.6","8","4","0.00","0.0","0.0","--","--","--","--","--","--","0.0","--","--","--","--","--","--","--","0:00","0.0","--","0:00","Nee","--","--","--","--"
running,2017-06-11 08:12:08,false,"Zaltbommel Hardlopen","12.13","824","57:09","151","176","5.0","174","186","4:43","4:20","10","8","1.22","0.0","0.0","--","--","--","--","--","--","0.0","--","--","--","--","--","--","--","0:00","0.0","--","0:00","Nee","--","--","--","--"
cycling,2017-06-04 11:35:10,false,"Zaltbommel Fietsen","28.96","541","2:02:33","87","138","1.2","--","--","14.2","28.2","19","16","0.00","0.0","0.0","--","--","--","--","--","--","0.0","--","--","--","--","--","--","--","0:00","0.0","--","0:00","Nee","--","--","--","--"
running,2017-06-04 08:10:03,false,"Zaltbommel Hardlopen","12.03","778","56:39","147","172","4.6","172","196","4:42","3:45","15","14","1.23","0.0","0.0","--","--","--","--","--","--","0.0","--","--","--","--","--","--","--","0:00","0.0","--","0:00","Nee","--","--","--","--"
running,2017-05-31 20:37:12,false,"Zaltbommel Hardlopen","7.40","497","41:59","135","161","3.1","157","197","5:40","3:37","7","7","1.11","0.0","0.0","--","--","--","--","--","--","0.0","--","--","--","--","--","--","--","0:00","0.0","--","0:00","Nee","--","--","--","--"
running,2017-05-28 07:55:31,false,"Zaltbommel Hardlopen","11.24","712","53:20","144","164","4.4","173","199","4:45","3:47","15","12","1.22","0.0","0.0","--","--","--","--","--","--","0.0","--","--","--","--","--","--","--","0:00","0.0","--","0:00","Nee","--","--","--","--"
hiking,2017-05-26 12:00:00,false,"Durbuy Bende Wandelen","10.85","1,047","3:21:10","96","178","2.0","113","167","18:32","6:28","254","282","0.48","0.0","0.0","--","--","--","--","--","--","0.0","--","--","--","--","--","--","--","0:00","0.0","--","0:00","Nee","--","--","--","--"
cycling,2017-05-23 18:04:25,false,"'s-Hertogenbosch Fietsen","16.66","579","43:10","145","183","4.0","--","--","23.2","30.5","2","4","0.00","0.0","0.0","--","--","--","--","--","--","0.0","--","--","--","--","--","--","--","0:00","0.0","--","0:00","Nee","--","--","--","--"
cycling,2017-05-23 09:07:29,false,"Zaltbommel Fietsen","16.76","404","38:23","126","168","2.4","--","--","26.2","36.0","12","7","0.00","0.0","0.0","--","--","--","--","--","--","0.0","--","--","--","--","--","--","--","0:00","0.0","--","0:00","Nee","--","--","--","--"
running,2017-05-21 07:44:15,false,"Zaltbommel Hardlopen","16.05","1,098","1:15:29","153","184","5.0","175","191","4:42","4:19","14","14","1.22","0.0","0.0","--","--","--","--","--","--","0.0","--","--","--","--","--","--","--","0:00","0.0","--","0:00","Nee","--","--","--","--"
cycling,2017-05-15 17:33:52,false,"'s-Hertogenbosch Fietsen","16.70","361","38:58","116","137","2.1","--","--","25.7","33.7","4","7","0.00","0.0","0.0","--","--","--","--","--","--","0.0","--","--","--","--","--","--","--","0:00","0.0","--","0:00","Nee","--","--","--","--"
cycling,2017-05-15 08:04:26,false,"Zaltbommel Fietsen","16.80","530","40:27","145","184","3.6","--","--","24.9","34.6","9","4","0.00","0.0","0.0","--","--","--","--","--","--","0.0","--","--","--","--","--","--","--","0:00","0.0","--","0:00","Nee","--","--","--","--"
running,2017-05-13 21:48:28,false,"Zaltbommel Hardlopen","3.96","260","18:00","152","167","3.3","176","182","4:33","4:12","2","3","0.00","0.0","0.0","--","--","--","--","--","--","0.0","--","--","--","--","--","--","--","0:00","0.0","--","0:00","Nee","--","--","--","--"
running,2017-05-13 21:01:18,false,"Zaltbommel Hardlopen","7.57","486","34:49","147","162","4.2","175","201","4:36","3:50","10","6","0.00","0.0","0.0","--","--","--","--","--","--","0.0","--","--","--","--","--","--","--","0:00","0.0","--","0:00","Nee","--","--","--","--"
running,2017-05-10 21:11:58,false,"Zaltbommel Hardlopen","7.17","486","34:21","148","178","4.3","174","182","4:47","4:18","9","9","0.00","0.0","0.0","--","--","--","--","--","--","0.0","--","--","--","--","--","--","--","0:00","0.0","--","0:00","Nee","--","--","--","--"
running,2017-05-07 07:59:33,false,"Zaltbommel Hardlopen","10.42","675","51:05","140","168","4.4","171","191","4:54","3:38","10","9","0.00","0.0","0.0","--","--","--","--","--","--","0.0","--","--","--","--","--","--","--","0:00","0.0","--","0:00","Nee","--","--","--","--"
other,2017-05-03 10:38:39,false,"Bayirkozağaci Overig","4.93","153","32:14","84","140","1.4","--","--","9.2","36.0","17","144","0.00","0.0","0.0","--","--","--","--","--","--","0.0","--","--","--","--","--","--","--","0:00","0.0","--","0:00","Nee","--","--","--","--"
other,2017-05-01 08:50:57,false,"Türkler Overig","0.06","13","6:45.8","61","77","1.0","--","--","0.6","--","--","--","0.00","0.0","0.0","--","--","--","--","--","--","0.0","--","--","--","--","--","--","--","0:00","0.0","--","0:00","Nee","--","--","--","--"
running,2017-04-26 07:33:24,false,"Zaltbommel Hardlopen","10.25","697","49:31","147","180","4.5","171","197","4:50","3:45","12","10","1.21","0.0","0.0","--","--","--","--","--","--","0.0","--","--","--","--","--","--","--","0:00","0.0","--","0:00","Nee","--","--","--","--"
hiking,2017-04-24 12:18:45,false,"Hooghalen Wandelen","7.29","332","2:51:18","63","116","1.0","110","132","23:30","2:45","34","42","0.39","0.0","0.0","--","--","--","--","--","--","0.0","--","--","--","--","--","--","--","0:00","0.0","--","0:00","Nee","--","--","--","--"
running,2017-04-23 07:44:16,false,"Zaltbommel Hardlopen","12.15","797","55:09","151","173","5.0","177","197","4:32","3:26","11","10","1.24","0.0","0.0","--","--","--","--","--","--","0.0","--","--","--","--","--","--","--","0:00","0.0","--","0:00","Nee","--","--","--","--"
running,2017-04-16 08:19:30,false,"Zaltbommel Hardlopen","12.80","842","1:06:54","142","165","3.8","163","231","5:14","3:22","9","9","1.17","0.0","0.0","--","--","--","--","--","--","0.0","--","--","--","--","--","--","--","0:00","0.0","--","0:00","Nee","--","--","--","--"
cycling,2017-04-11 17:38:56,false,"'s-Hertogenbosch Fietsen","16.65","434","42:16","122","146","2.4","--","--","23.6","34.9","7","10","0.00","0.0","0.0","--","--","--","--","--","--","0.0","--","--","--","--","--","--","--","0:00","0.0","--","0:00","Nee","--","--","--","--"
cycling,2017-04-11 08:09:57,false,"Zaltbommel Fietsen","16.71","375","41:07","112","134","2.5","--","--","24.4","35.4","7","3","0.00","0.0","0.0","--","--","--","--","--","--","0.0","--","--","--","--","--","--","--","0:00","0.0","--","0:00","Nee","--","--","--","--"
running,2017-04-09 20:17:18,false,"Zaltbommel Hardlopen","9.87","646","46:48","146","159","4.3","174","197","4:45","3:39","18","16","1.21","0.0","0.0","--","--","--","--","--","--","0.0","--","--","--","--","--","--","--","0:00","0.0","--","0:00","Nee","--","--","--","--"
cycling,2017-04-06 18:48:21,false,"'s-Hertogenbosch Fietsen","16.60","402","41:35","118","156","2.5","--","--","23.9","33.4","11","13","0.00","0.0","0.0","--","--","--","--","--","--","0.0","--","--","--","--","--","--","--","0:00","0.0","--","0:00","Nee","--","--","--","--"
cycling,2017-04-06 07:57:38,false,"Zaltbommel Fietsen","16.65","461","36:23","135","152","3.4","--","--","27.5","38.7","8","5","0.00","0.0","0.0","--","--","--","--","--","--","0.0","--","--","--","--","--","--","--","0:00","0.0","--","0:00","Nee","--","--","--","--"
running,2017-04-05 20:07:03,false,"Zaltbommel Hardlopen","6.65","422","33:50","135","156","3.5","169","187","5:05","3:46","11","11","1.16","0.0","0.0","--","--","--","--","--","--","0.0","--","--","--","--","--","--","--","0:00","0.0","--","0:00","Nee","--","--","--","--"
running,2017-04-02 08:28:00,false,"Zaltbommel Hardlopen","11.10","757","55:08","145","159","4.7","170","179","4:58","4:34","21","20","1.18","0.0","0.0","--","--","--","--","--","--","0.0","--","--","--","--","--","--","--","0:00","0.0","--","0:00","Nee","--","--","--","--"
running,2017-03-29 20:01:44,false,"Zaltbommel Hardlopen","9.85","223","50:10","85","113","1.1","167","188","5:06","4:20","12","12","1.18","0.0","0.0","--","--","--","--","--","--","0.0","--","--","--","--","--","--","--","0:00","0.0","--","0:00","Nee","--","--","--","--"
cycling,2017-03-21 17:27:58,false,"'s-Hertogenbosch Fietsen","16.60","529","41:16","140","159","3.4","--","--","24.1","32.7","4","5","0.00","0.0","0.0","--","--","--","--","--","--","0.0","--","--","--","--","--","--","--","0:00","0.0","--","0:00","Nee","--","--","--","--"
cycling,2017-03-21 08:17:05,false,"Zaltbommel Fietsen","16.67","473","40:45","130","157","3.0","--","--","24.5","35.7","19","16","0.00","0.0","0.0","--","--","--","--","--","--","0.0","--","--","--","--","--","--","--","0:00","0.0","--","0:00","Nee","--","--","--","--"
running,2017-03-19 08:04:48,false,"Zaltbommel Hardlopen","11.58","757","55:04","146","170","4.6","174","195","4:45","3:51","12","10","1.21","0.0","0.0","--","--","--","--","--","--","0.0","--","--","--","--","--","--","--","0:00","0.0","--","0:00","Nee","--","--","--","--"
cycling,2017-03-14 17:35:40,false,"'s-Hertogenbosch Fietsen","15.00","477","38:51","134","153","3.2","--","--","23.2","31.2","4","5","0.00","0.0","0.0","--","--","--","--","--","--","0.0","--","--","--","--","--","--","--","0:00","0.0","--","0:00","Nee","--","--","--","--"
cycling,2017-03-14 08:49:44,false,"Zaltbommel Fietsen","16.67","531","42:07","137","175","3.4","--","--","23.8","33.4","17","14","0.00","0.0","0.0","--","--","--","--","--","--","0.0","--","--","--","--","--","--","--","0:00","0.0","--","0:00","Nee","--","--","--","--"
running,2017-03-12 07:17:59,false,"Zaltbommel Hardlopen","12.77","811","59:08","147","159","4.7","176","206","4:38","3:41","12","11","1.23","0.0","0.0","--","--","--","--","--","--","0.0","--","--","--","--","--","--","--","0:00","0.0","--","0:00","Nee","--","--","--","--"
cycling,2017-03-07 18:01:03,false,"'s-Hertogenbosch Fietsen","16.57","415","41:32","124","159","2.5","--","--","23.9","31.8","13","16","0.00","0.0","0.0","--","--","--","--","--","--","0.0","--","--","--","--","--","--","--","0:00","0.0","--","0:00","Nee","--","--","--","--"
cycling,2017-03-07 08:06:48,false,"Zaltbommel Fietsen","16.68","411","41:04","120","149","2.3","--","--","24.4","33.9","13","7","0.00","0.0","0.0","--","--","--","--","--","--","0.0","--","--","--","--","--","--","--","0:00","0.0","--","0:00","Nee","--","--","--","--"
running,2017-03-05 07:53:08,false,"Zaltbommel Hardlopen","11.61","750","53:33","150","181","4.9","176","197","4:37","4:00","14","14","1.23","0.0","0.0","--","--","--","--","--","--","0.0","--","--","--","--","--","--","--","0:00","0.0","--","0:00","Nee","--","--","--","--"
cycling,2017-02-28 17:50:51,false,"'s-Hertogenbosch Fietsen","16.59","559","41:05","145","166","4.2","--","--","24.2","35.8","4","7","0.00","0.0","0.0","--","--","--","--","--","--","0.0","--","--","--","--","--","--","--","0:00","0.0","--","0:00","Nee","--","--","--","--"
cycling,2017-02-28 08:25:41,false,"Zaltbommel Fietsen","16.68","607","49:24","134","162","3.7","--","--","20.3","31.1","32","25","0.00","0.0","0.0","--","--","--","--","--","--","0.0","--","--","--","--","--","--","--","0:00","0.0","--","0:00","Nee","--","--","--","--"
running,2017-02-26 09:08:50,false,"Zaltbommel Hardlopen","10.74","696","59:44","137","174","3.6","160","185","5:34","4:26","12","9","1.12","0.0","0.0","--","--","--","--","--","--","0.0","--","--","--","--","--","--","--","0:00","0.0","--","0:00","Nee","--","--","--","--"
running,2017-02-19 07:34:49,false,"Zaltbommel Hardlopen","13.49","872","1:06:30","147","167","4.6","171","199","4:56","3:17","21","18","1.19","0.0","0.0","--","--","--","--","--","--","0.0","--","--","--","--","--","--","--","0:00","0.0","--","0:00","Nee","--","--","--","--"
cycling,2017-02-14 17:31:07,false,"'s-Hertogenbosch Fietsen","16.63","516","39:59","144","169","4.1","--","--","25.0","34.7","5","9","0.00","0.0","0.0","--","--","--","--","--","--","0.0","--","--","--","--","--","--","--","0:00","0.0","--","0:00","Nee","--","--","--","--"
cycling,2017-02-14 09:39:57,false,"Zaltbommel Fietsen","16.68","486","43:45","130","155","3.0","--","--","22.9","29.7","17","11","0.00","0.0","0.0","--","--","--","--","--","--","0.0","--","--","--","--","--","--","--","0:00","0.0","--","0:00","Nee","--","--","--","--"
running,2017-02-11 07:32:14,false,"Zaltbommel Hardlopen","11.31","717","55:52","142","157","4.3","172","198","4:56","3:57","15","17","1.18","0.0","0.0","--","--","--","--","--","--","0.0","--","--","--","--","--","--","--","0:00","0.0","--","0:00","Nee","--","--","--","--"
cycling,2017-02-06 17:32:57,false,"'s-Hertogenbosch Fietsen","16.64","396","40:35","119","141","2.5","--","--","24.6","32.8","2","6","0.00","0.0","0.0","--","--","--","--","--","--","0.0","--","--","--","--","--","--","--","0:00","0.0","--","0:00","Nee","--","--","--","--"
cycling,2017-02-06 07:38:31,false,"Zaltbommel Fietsen","16.68","390","39:51","121","139","2.3","--","--","25.1","36.0","8","4","0.00","0.0","0.0","--","--","--","--","--","--","0.0","--","--","--","--","--","--","--","0:00","0.0","--","0:00","Nee","--","--","--","--"
running,2017-02-05 08:40:51,false,"Zaltbommel Hardlopen","12.81","803","1:00:19","148","167","4.8","175","202","4:42","3:06","14","14","1.21","0.0","0.0","--","--","--","--","--","--","0.0","--","--","--","--","--","--","--","0:00","0.0","--","0:00","Nee","--","--","--","--"
hiking,2017-02-01 20:43:55,false,"Zaltbommel Wandelen","1.78","64","20:20","77","118","1.0","113","154","11:26","9:59","7","--","0.77","0.0","0.0","--","--","--","--","--","--","0.0","--","--","--","--","--","--","--","0:00","0.0","--","0:00","Nee","--","--","--","--"
running,2017-01-29 08:02:51,false,"Zaltbommel Hardlopen","11.58","736","1:03:06","140","172","3.7","162","197","5:27","4:09","11","10","1.14","0.0","0.0","--","--","--","--","--","--","0.0","--","--","--","--","--","--","--","0:00","0.0","--","0:00","Nee","--","--","--","--"
running,2017-01-25 18:51:23,false,"Zaltbommel Hardlopen","2.07","159","13:06","134","153","2.3","158","165","6:20","5:22","1","2","1.00","0.0","0.0","--","--","--","--","--","--","0.0","--","--","--","--","--","--","--","0:00","0.0","--","0:00","Nee","--","--","--","--"
cycling,2017-01-23 18:38:53,false,"'s-Hertogenbosch Fietsen","16.62","393","40:28","119","162","2.7","--","--","24.6","34.2","3","5","0.00","0.0","0.0","--","--","--","--","--","--","0.0","--","--","--","--","--","--","--","0:00","0.0","--","0:00","Nee","--","--","--","--"
cycling,2017-01-23 07:59:38,false,"Zaltbommel Fietsen","16.68","519","41:48","136","148","3.5","--","--","23.9","33.9","13","10","0.00","0.0","0.0","--","--","--","--","--","--","0.0","--","--","--","--","--","--","--","0:00","0.0","--","0:00","Nee","--","--","--","--"
running,2017-01-22 07:39:18,false,"Zaltbommel Hardlopen","10.66","690","50:45","148","179","4.7","173","187","4:46","4:09","14","11","1.21","0.0","0.0","--","--","--","--","--","--","0.0","--","--","--","--","--","--","--","0:00","0.0","--","0:00","Nee","--","--","--","--"
hiking,2017-01-21 11:49:03,false,"Zaltbommel Wandelen","5.62","172","1:14:20","70","103","1.0","114","131","13:14","10:16","6","6","0.66","0.0","0.0","--","--","--","--","--","--","0.0","--","--","--","--","--","--","--","0:00","0.0","--","0:00","Nee","--","--","--","--"
hiking,2017-01-15 17:58:35,false,"Zaltbommel Wandelen","2.37","109","27:07","84","97","1.0","116","130","11:25","9:27","--","8","0.75","0.0","0.0","--","--","--","--","--","--","0.0","--","--","--","--","--","--","--","0:00","0.0","--","0:00","Nee","--","--","--","--"
hiking,2017-01-15 16:07:37,false,"Zaltbommel Wandelen","1.59","86","20:02","85","93","1.0","114","128","12:36","9:07","4","--","0.70","0.0","0.0","--","--","--","--","--","--","0.0","--","--","--","--","--","--","--","0:00","0.0","--","0:00","Nee","--","--","--","--"
running,2017-01-15 08:33:42,false,"Zaltbommel Hardlopen","13.96","926","1:07:29","149","172","5.0","172","182","4:50","4:22","13","12","1.20","0.0","0.0","--","--","--","--","--","--","0.0","--","--","--","--","--","--","--","0:00","0.0","--","0:00","Nee","--","--","--","--"
cycling,2017-01-09 17:52:51,false,"'s-Hertogenbosch Fietsen","16.60","400","40:34","121","174","2.6","--","--","24.6","36.5","10","13","0.00","0.0","0.0","--","--","--","--","--","--","0.0","--","--","--","--","--","--","--","0:00","0.0","--","0:00","Nee","--","--","--","--"
cycling,2017-01-09 08:12:56,false,"Zaltbommel Fietsen","16.72","475","43:31","129","148","3.1","--","--","23.1","33.4","8","4","0.00","0.0","0.0","--","--","--","--","--","--","0.0","--","--","--","--","--","--","--","0:00","0.0","--","0:00","Nee","--","--","--","--"
running,2017-01-08 07:52:57,false,"Zaltbommel Hardlopen","13.06","829","1:07:09","139","158","4.2","170","184","5:08","4:04","12","11","1.14","0.0","0.0","--","--","--","--","--","--","0.0","--","--","--","--","--","--","--","0:00","0.0","--","0:00","Nee","--","--","--","--"
hiking,2017-01-07 13:28:47,false,"Zaltbommel Wandelen","5.85","238","1:23:09","75","94","1.0","114","217","14:13","10:09","9","10","0.62","0.0","0.0","--","--","--","--","--","--","0.0","--","--","--","--","--","--","--","0:00","0.0","--","0:00","Nee","--","--","--","--"
cycling,2017-01-05 17:36:52,false,"'s-Hertogenbosch Fietsen","16.66","426","43:21","121","138","2.4","--","--","23.1","33.4","7","10","0.00","0.0","0.0","--","--","--","--","--","--","0.0","--","--","--","--","--","--","--","0:00","0.0","--","0:00","Nee","--","--","--","--"
cycling,2017-01-05 07:55:46,false,"Zaltbommel Fietsen","16.68","446","42:35","127","152","2.8","--","--","23.5","35.8","8","4","0.00","0.0","0.0","--","--","--","--","--","--","0.0","--","--","--","--","--","--","--","0:00","0.0","--","0:00","Nee","--","--","--","--"
running,2017-01-01 12:54:20,false,"Zaltbommel Hardlopen","14.59","934","1:11:32","146","165","4.6","171","184","4:54","4:18","15","16","1.20","0.0","0.0","--","--","--","--","--","--","0.0","--","--","--","--","--","--","--","0:00","0.0","--","0:00","Nee","--","--","--","--"
hiking,2016-12-27 16:16:11,false,"Zaltbommel Wandelen","3.81","242","53:19","92","108","1.1","109","123","14:00","10:54","2","5","0.66","0.0","0.0","--","--","--","--","--","--","0.0","--","--","--","--","--","--","--","0:00","0.0","--","0:00","Nee","--","--","--","--"
hiking,2016-12-25 14:47:11,false,"Zaltbommel Wandelen","3.14","229","42:53","99","117","1.3","108","125","13:40","11:14","5","3","0.68","0.0","0.0","--","--","--","--","--","--","0.0","--","--","--","--","--","--","--","0:00","0.0","--","0:00","Nee","--","--","--","--"
running,2016-12-25 07:34:34,false,"Zaltbommel Hardlopen","11.70","758","56:39","148","162","4.6","173","197","4:51","3:06","18","17","1.19","0.0","0.0","--","--","--","--","--","--","0.0","--","--","--","--","--","--","--","0:00","0.0","--","0:00","Nee","--","--","--","--"
cycling,2016-12-19 17:46:41,false,"'s-Hertogenbosch Fietsen","16.56","609","43:38","154","173","4.6","--","--","22.8","31.3","4","8","0.00","0.0","0.0","--","--","--","--","--","--","0.0","--","--","--","--","--","--","--","0:00","0.0","--","0:00","Nee","--","--","--","--"
cycling,2016-12-19 07:36:51,false,"Zaltbommel Fietsen","16.62","537","42:17","142","178","4.0","--","--","23.6","33.7","13","10","0.00","0.0","0.0","--","--","--","--","--","--","0.0","--","--","--","--","--","--","--","0:00","0.0","--","0:00","Nee","--","--","--","--"
hiking,2016-12-18 14:51:00,false,"Zaltbommel Wandelen","3.49","286","45:53","105","142","1.6","112","126","13:08","10:38","7","--","0.68","0.0","0.0","--","--","--","--","--","--","0.0","--","--","--","--","--","--","--","0:00","0.0","--","0:00","Nee","--","--","--","--"
running,2016-12-18 08:08:44,false,"Zaltbommel Hardlopen","11.63","721","55:58","145","160","4.3","172","182","4:49","4:18","17","16","1.21","0.0","0.0","--","--","--","--","--","--","0.0","--","--","--","--","--","--","--","0:00","0.0","--","0:00","Nee","--","--","--","--"
running,2016-12-11 08:07:15,false,"Zaltbommel Hardlopen","13.01","848","1:04:21","150","166","4.8","172","205","4:57","3:17","17","17","1.18","0.0","0.0","--","--","--","--","--","--","0.0","--","--","--","--","--","--","--","0:00","0.0","--","0:00","Nee","--","--","--","--"
cycling,2016-12-05 17:18:30,false,"'s-Hertogenbosch Fietsen","16.62","553","42:05","147","170","4.1","--","--","23.7","32.7","5","8","0.00","0.0","0.0","--","--","--","--","--","--","0.0","--","--","--","--","--","--","--","0:00","0.0","--","0:00","Nee","--","--","--","--"
cycling,2016-12-05 07:58:32,false,"Zaltbommel Fietsen","16.70","530","41:58","142","162","3.7","--","--","23.9","33.8","7","2","0.00","0.0","0.0","--","--","--","--","--","--","0.0","--","--","--","--","--","--","--","0:00","0.0","--","0:00","Nee","--","--","--","--"
running,2016-12-03 15:55:57,false,"Zaltbommel Hardlopen","11.64","727","54:02","151","174","4.7","177","198","4:38","3:46","15","15","1.22","0.0","0.0","--","--","--","--","--","--","0.0","--","--","--","--","--","--","--","0:00","0.0","--","0:00","Nee","--","--","--","--"
running,2016-11-27 08:06:47,false,"Zaltbommel Hardlopen","10.80","694","55:23","146","170","4.0","169","209","5:08","3:04","10","11","1.16","0.0","0.0","--","--","--","--","--","--","0.0","--","--","--","--","--","--","--","0:00","0.0","--","0:00","Nee","--","--","--","--"
hiking,2016-11-23 21:18:19,false,"Zaltbommel Wandelen","1.00","60","11:28","93","117","1.1","118","123","11:30","7:07","3","--","0.74","0.0","0.0","--","--","--","--","--","--","0.0","--","--","--","--","--","--","--","0:00","0.0","--","0:00","Nee","--","--","--","--"
cycling,2016-11-21 17:23:27,false,"'s-Hertogenbosch Fietsen","16.55","333","39:18","114","129","2.0","--","--","25.3","40.1","4","7","0.00","0.0","0.0","--","--","--","--","--","--","0.0","--","--","--","--","--","--","--","0:00","0.0","--","0:00","Nee","--","--","--","--"
cycling,2016-11-21 07:48:46,false,"Zaltbommel Fietsen","16.55","569","44:31","137","180","3.7","--","--","22.3","34.0","12","8","0.00","0.0","0.0","--","--","--","--","--","--","0.0","--","--","--","--","--","--","--","0:00","0.0","--","0:00","Nee","--","--","--","--"
hiking,2016-11-20 12:21:38,false,"Zaltbommel Wandelen","0.11","34","5:31.1","98","142","1.2","122","126","48:44","10:05","--","--","0.17","0.0","0.0","--","--","--","--","--","--","0.0","--","--","--","--","--","--","--","0:00","0.0","--","0:00","Nee","--","--","--","--"
running,2016-11-20 07:44:50,false,"Zaltbommel Hardlopen","11.57","805","55:47","156","178","5.0","173","189","4:49","4:13","19","18","1.20","0.0","0.0","--","--","--","--","--","--","0.0","--","--","--","--","--","--","--","0:00","0.0","--","0:00","Nee","--","--","--","--"
running,2016-11-13 08:03:34,false,"Zaltbommel Hardlopen","11.61","761","53:07","155","173","5.0","177","206","4:34","3:23","17","16","1.23","0.0","0.0","--","--","--","--","--","--","0.0","--","--","--","--","--","--","--","0:00","0.0","--","0:00","Nee","--","--","--","--"
running,2016-11-06 08:01:13,false,"Zaltbommel Hardlopen","13.75","901","1:04:50","152","168","5.0","175","209","4:43","3:08","16","15","1.21","0.0","0.0","--","--","--","--","--","--","0.0","--","--","--","--","--","--","--","0:00","0.0","--","0:00","Nee","--","--","--","--"
cycling,2016-10-31 17:47:35,false,"'s-Hertogenbosch Fietsen","16.53","505","41:07","142","163","3.7","--","--","24.1","34.7","5","8","0.00","0.0","0.0","--","--","--","--","--","--","0.0","--","--","--","--","--","--","--","0:00","0.0","--","0:00","Nee","--","--","--","--"
cycling,2016-10-31 07:52:31,false,"Zaltbommel Fietsen","16.52","403","40:41","124","149","2.4","--","--","24.4","35.3","10","4","0.00","0.0","0.0","--","--","--","--","--","--","0.0","--","--","--","--","--","--","--","0:00","0.0","--","0:00","Nee","--","--","--","--"
running,2016-10-30 17:00:58,false,"Zaltbommel Hardlopen","11.28","720","52:48","153","175","4.9","175","203","4:41","3:40","14","14","1.22","0.0","0.0","--","--","--","--","--","--","0.0","--","--","--","--","--","--","--","0:00","0.0","--","0:00","Nee","--","--","--","--"
running,2016-10-25 15:19:42,false,"Wassenaar Hardlopen","9.80","366","1:58:41","76","106","1.0","113","246","12:06","8:28","61","62","0.73","0.0","0.0","--","--","--","--","--","--","0.0","--","--","--","--","--","--","--","0:00","0.0","--","0:00","Nee","--","--","--","--"
running,2016-10-23 08:04:23,false,"Zaltbommel Hardlopen","11.85","751","56:08","151","178","4.8","174","202","4:44","3:35","13","13","1.21","0.0","0.0","--","--","--","--","--","--","0.0","--","--","--","--","--","--","--","0:00","0.0","--","0:00","Nee","--","--","--","--"
cycling,2016-10-17 17:47:46,false,"'s-Hertogenbosch Fietsen","16.47","411","40:17","124","168","2.4","--","--","24.5","48.2","6","10","0.00","0.0","0.0","--","--","--","--","--","--","0.0","--","--","--","--","--","--","--","0:00","0.0","--","0:00","Nee","--","--","--","--"
cycling,2016-10-17 07:23:47,false,"Zaltbommel Fietsen","16.56","467","40:56","129","162","3.2","--","--","24.3","33.3","16","10","0.00","0.0","0.0","--","--","--","--","--","--","0.0","--","--","--","--","--","--","--","0:00","0.0","--","0:00","Nee","--","--","--","--"
cycling,2016-10-16 17:10:46,false,"Hedel Fietsen","6.45","106","26:15","81","114","1.1","--","--","14.7","22.3","3","6","0.00","0.0","0.0","--","--","--","--","--","--","0.0","--","--","--","--","--","--","--","0:00","0.0","--","0:00","Nee","--","--","--","--"
running,2016-10-16 07:35:57,false,"Hardlopen","10.87","683","48:31","153","172","4.9","177","201","4:28","2:58","212","198","1.26","0.0","0.0","--","--","--","--","--","--","0.0","--","--","--","--","--","--","--","0:00","0.0","--","0:00","Nee","--","--","--","--"
cycling,2016-10-10 17:45:00,false,"'s-Hertogenbosch Fietsen","16.14","471","39:32","135","149","3.2","--","--","24.5","32.5","10","13","0.00","0.0","0.0","--","--","--","--","--","--","0.0","--","--","--","--","--","--","--","0:00","0.0","--","0:00","Nee","--","--","--","--"
cycling,2016-10-10 08:02:47,false,"Zaltbommel Fietsen","16.59","513","41:19","141","163","3.8","--","--","24.1","33.4","7","3","0.00","0.0","0.0","--","--","--","--","--","--","0.0","--","--","--","--","--","--","--","0:00","0.0","--","0:00","Nee","--","--","--","--"
running,2016-10-09 07:24:09,false,"Zaltbommel Hardlopen","10.88","662","49:33","150","169","4.8","176","199","4:33","3:11","13","12","1.25","0.0","0.0","--","--","--","--","--","--","0.0","--","--","--","--","--","--","--","0:00","0.0","--","0:00","Nee","--","--","--","--"
cycling,2016-10-03 17:23:21,false,"'s-Hertogenbosch Fietsen","16.47","448","43:09","127","159","2.8","--","--","22.9","29.8","2","5","0.00","0.0","0.0","--","--","--","--","--","--","0.0","--","--","--","--","--","--","--","0:00","0.0","--","0:00","Nee","--","--","--","--"
cycling,2016-10-03 08:42:07,false,"Zaltbommel Fietsen","16.60","402","38:30","125","145","2.7","--","--","25.9","35.9","8","4","0.00","0.0","0.0","--","--","--","--","--","--","0.0","--","--","--","--","--","--","--","0:00","0.0","--","0:00","Nee","--","--","--","--"
running,2016-10-02 07:54:14,false,"Zaltbommel Hardlopen","10.87","691","49:59","153","175","5.0","176","199","4:36","3:03","16","15","1.24","0.0","0.0","--","--","--","--","--","--","0.0","--","--","--","--","--","--","--","0:00","0.0","--","0:00","Nee","--","--","--","--"
cycling,2016-09-29 20:30:58,false,"Hurwenen Fietsen","6.31","207","23:30","114","134","1.8","--","--","16.1","29.9","3","7","0.00","0.0","0.0","--","--","--","--","--","--","0.0","--","--","--","--","--","--","--","0:00","0.0","--","0:00","Nee","--","--","--","--"
cycling,2016-09-29 17:09:14,false,"Zaltbommel Fietsen","5.88","100","19:18","91","119","1.1","--","--","18.3","23.1","5","--","0.00","0.0","0.0","--","--","--","--","--","--","0.0","--","--","--","--","--","--","--","0:00","0.0","--","0:00","Nee","--","--","--","--"
running,2016-09-25 07:57:52,false,"Zaltbommel Hardlopen","10.86","687","49:41","153","172","5.0","176","199","4:34","3:10","14","13","1.24","0.0","0.0","--","--","--","--","--","--","0.0","--","--","--","--","--","--","--","0:00","0.0","--","0:00","Nee","--","--","--","--"
cycling,2016-09-19 17:29:31,false,"'s-Hertogenbosch Fietsen","14.33","338","35:01","119","138","2.5","--","--","24.6","32.9","--","5","0.00","0.0","0.0","--","--","--","--","--","--","0.0","--","--","--","--","--","--","--","0:00","0.0","--","0:00","Nee","--","--","--","--"
cycling,2016-09-19 07:23:17,false,"Zaltbommel Fietsen","16.68","368","38:40","119","134","2.3","--","--","25.9","36.7","8","2","0.00","0.0","0.0","--","--","--","--","--","--","0.0","--","--","--","--","--","--","--","0:00","0.0","--","0:00","Nee","--","--","--","--"
running,2016-09-18 08:16:59,false,"Zaltbommel Hardlopen","10.87","670","51:17","148","169","4.9","173","199","4:43","3:21","13","13","1.22","0.0","0.0","--","--","--","--","--","--","0.0","--","--","--","--","--","--","--","0:00","0.0","--","0:00","Nee","--","--","--","--"
cycling,2016-09-12 17:18:32,false,"'s-Hertogenbosch Fietsen","16.66","381","39:14","122","164","2.6","--","--","25.5","35.0","6","9","0.00","0.0","0.0","--","--","--","--","--","--","0.0","--","--","--","--","--","--","--","0:00","0.0","--","0:00","Nee","--","--","--","--"
cycling,2016-09-12 07:43:28,false,"Zaltbommel Fietsen","16.73","392","40:10","121","174","2.9","--","--","25.0","34.8","24","17","0.00","0.0","0.0","--","--","--","--","--","--","0.0","--","--","--","--","--","--","--","0:00","0.0","--","0:00","Nee","--","--","--","--"
running,2016-09-10 07:19:01,false,"Zaltbommel Hardlopen","10.89","645","49:50","149","173","5.0","175","195","4:34","3:37","16","16","1.25","0.0","0.0","--","--","87","--","--","--","0.0","--","--","--","--","--","--","--","0:00","0.0","--","0:00","Nee","--","--","--","--"
cycling,2016-09-05 17:20:50,false,"Den Dungen Fietsen","16.10","321","38:44","111","138","2.5","--","--","24.9","34.8","11","13","0.00","0.0","0.0","--","--","--","--","--","--","0.0","--","--","--","--","--","--","--","0:00","0.0","--","0:00","Nee","--","--","--","--"
cycling,2016-09-05 07:36:19,false,"Zaltbommel Fietsen","16.67","331","41:22","113","163","2.1","--","--","24.2","34.7","7","3","0.00","0.0","0.0","--","--","--","--","--","--","0.0","--","--","--","--","--","--","--","0:00","0.0","--","0:00","Nee","--","--","--","--"
running,2016-09-04 07:42:54,false,"Zaltbommel Hardlopen","10.81","646","50:31","147","167","5.0","173","194","4:40","3:34","11","12","1.24","0.0","0.0","--","--","86","--","--","--","0.0","--","--","--","--","--","--","--","0:00","0.0","--","0:00","Nee","--","--","--","--"
cycling,2016-09-03 19:26:37,false,"Hedel Fietsen","10.01","164","39:32","84","121","1.2","--","--","15.2","26.1","4","6","0.00","0.0","0.0","--","--","--","--","--","--","0.0","--","--","--","--","--","--","--","0:00","0.0","--","0:00","Nee","--","--","--","--"
cycling,2016-09-01 17:33:20,false,"'s-Hertogenbosch Fietsen","16.68","432","41:50","127","156","3.1","--","--","23.9","33.1","9","11","0.00","0.0","0.0","--","--","--","--","--","--","0.0","--","--","--","--","--","--","--","0:00","0.0","--","0:00","Nee","--","--","--","--"
cycling,2016-09-01 07:39:41,false,"Zaltbommel Fietsen","16.60","410","39:53","126","160","3.0","--","--","25.0","34.3","20","17","0.00","0.0","0.0","--","--","--","--","--","--","0.0","--","--","--","--","--","--","--","0:00","0.0","--","0:00","Nee","--","--","--","--"
cycling,2016-08-28 16:09:03,false,"Zaltbommel Fietsen","19.37","298","1:15:52","84","137","1.1","--","--","15.3","22.4","11","10","0.00","0.0","0.0","--","--","--","--","--","--","0.0","--","--","--","--","--","--","--","0:00","0.0","--","0:00","Nee","--","--","--","--"
running,2016-08-28 07:36:08,false,"Zaltbommel Hardlopen","10.94","584","50:14","152","169","5.0","175","194","4:35","3:59","9","8","1.24","0.0","0.0","--","--","87","--","--","--","0.0","--","--","--","--","--","--","--","0:00","0.0","--","0:00","Nee","--","--","--","--"
